name	id	initial_release_date	directed_by	produced_by	written_by	cinematography	edited_by	music	language	rating	estimated_budget	country	starring	runtime	locations	film_collections	soundtrack	featured_film_locations	genre	film_series	story_by	sequel	prequel	subjects	personal_appearances	dubbing_performances	film_format	costume_design_by	other_crew	trailers	distributors	other_film_companies	production_companies	tagline	release_date_s	netflix_id	film_festivals	nytimes_id	featured_song	metacritic_id	apple_movietrailer_id	rottentomatoes_id	executive_produced_by	film_casting_director	film_production_design_by	film_art_direction_by	film_set_decoration_by	traileraddict_id	gross_revenue	fandango_id	pre_production	filming	post_production	songs
Nana	/m/025dd76	1934	George Fitzmaurice,Dorothy Arzner	Samuel Goldwyn					English Language			United States of America	/m/0hzvzyn,/m/0hzvjnx,/m/025dd73,/m/0hzvt_s	/m/0dm4tkc					Drama									Adrian Adolph Greenberg,Travis Banton			/m/0hzvw6l		United Artists													Richard Day								
Victim	/m/01656z	1961-08	Basil Dearden	Michael Relph	Janet Green,John McCormick	Otto Heller			English Language			United Kingdom	/m/0gc98t7,/m/0gcb57r,/m/0k7r17,/m/0k7r1k,/m/0cg07mx,/m/0gcftk0,/m/0cs7lb9,/m/0k7r1d,/m/0cg6fvj,/m/0cg01xf	/m/0gl8c94,/m/0cg7dlr,/m/0k7r1v					Drama,LGBT,Crime Fiction												/m/0hvt_0q				/m/0jsp2fd,/m/0gl8c8_		2010 London Lesbian and Gay Film Festival																	
Spartacus	/m/0168ls	1960-10-06	Anthony Mann,Stanley Kubrick	Edward Lewis,James C. Katz	Dalton Trumbo	Russell Metty	Irving Lerner,Robert Lawrence	Alex North	English Language	PG-13 (USA)	/m/0k3m6d	United States of America	/m/0bpjjkv,/m/03jrn2p,/m/0k3m51,/m/0ltcx6m,/m/0k3m5v,/m/03jrp6s,/m/0k3m56,/m/0ltcx7s,/m/0k3m5p,/m/0bpjjl7,/m/0k3m5j,/m/0k3m4x,/m/0bpjjk_,/m/03jtgkx,/m/0hhm140	/m/0jmq996,/m/0csgyf2,/m/0gl9rk8,/m/0k3m63		AFI's 100 Years... 100 Movies	Spartacus		Biographical film,Epic,War film,Adventure,Action,Drama,Historical fiction,Romance Film,Costume drama		Howard Fast			Third Servile War,Spartacus				Arlington Valles,William Ware Theiss	/m/0ltpxw_,/m/0ltpxwg,/m/0ltpxy2,/m/0ltpxyw,/m/0ltpxvy,/m/0ltpxxn,/m/0ltpxyn,/m/0ltpxyf,/m/0ltpxwr,/m/0ltpxx6,/m/0ltpxw5,/m/0ltpxxw		/m/059qkt9		Universal Studios		/m/0ltnr2l,/m/0ltnqsc,/m/0ltnr0z,/m/0j59397,/m/0ltnqsp,/m/0ltnqx1,/m/0ltnr5y,/m/0ltnqtw,/m/0ltnr3d,/m/0ltnr1c,/m/0mvd90p,/m/0ltnr4h,/m/0ltnq_b,/m/0ltnqtg,/m/0ltnr1t,/m/0ltnqzf,/m/0ltnqxw,/m/0ltnqxf,/m/0ltnr23,/m/0ltnr2_,/m/0ltnqyn,/m/0ltnqvp,/m/0ltnr5m,/m/0ltnr4x,/m/0ltnq_z,/m/0ltnqw1,/m/0ltnr08,/m/0ltnr57,/m/0ltnqz1,/m/0ltnqwf,/m/0ltnqt2,/m/0ltnqv7,/m/0ltnq_n,/m/0gl9rk3,/m/0ltnqzs,/m/0mt_sps,/m/0ltnr43,/m/0ltnr0m,/m/0ltnr3r,/m/0j572z1,/m/0ltnqy7		2012 London Lesbian and Gay Film Festival,1991 San Francisco International Film Festival,2012 Moscow International Film Festival,2005 Berlin International Film Festival						Kirk Douglas,Edward Muhl		Roger Forse,Alexander Golitzen	Eric Orbom	Russell A. Gausman,Julia Heron							
Harvey	/m/016yhm	1950-10-13	Henry Koster	John Beck	Mary Coyle Chase,Oscar Brodney,Myles Connolly	William H. Daniels		Frank Skinner	English Language			United States of America	/m/0jz6rk,/m/0cg0044,/m/04hvc3s,/m/0jz6rw,/m/0bdn9mx,/m/0cg627m,/m/0jz6rd,/m/0jz6rq	/m/0cs69x_,/m/0glb261,/m/0jz6s5					Black-and-white,Fantasy,Screwball comedy,Comedy									Orry-Kelly			/m/059qjxz		Universal Studios	The Wonderful Pulitzer Prize Play... becomes one of the Great Motion Pictures of our Time!	/m/0glb25x,/m/0j57xk8											Nathan Juran,Bernard Herzbrun	Russell A. Gausman,Julia Heron							
Quills	/m/017180	2000-11-22	Philip Kaufman	Julia Chasman,Nick Wechsler,Peter Kaufman	Doug Wright	Rogier Stoffers	Peter Boyle	Stephen Warbeck	Latin Language,English Language	R (USA)		United Kingdom,Germany,United States of America	/m/0k27kv,/m/03jr_4j,/m/0ccsnyw,/m/0crrg_q,/m/03jrpjb,/m/03jphf9,/m/0ccsnxc,/m/0k27kj,/m/0k27k_,/m/0k27kp	/m/0k27l7					Romantic drama,Period piece,Romance Film,Erotic Drama,Biography,Drama,Biopic [feature],History,Film adaptation		Doug Wright			BDSM				Jacqueline West	/m/0cct3nd,/m/0cct3kt,/m/0cct3nn,/m/0cct3n4,/m/0cct3lz,/m/0cct3m6,/m/0cct3l1,/m/0cct3p0,/m/0cct3nx,/m/0cct3lf,/m/0cct3ky,/m/0cct3ns,/m/0cct3p4,/m/0cct3nj,/m/0cct3m2,/m/0cct3lk		/m/05t5p3_		Fox Searchlight Pictures	There are no bad words... only bad deeds.	/m/0gl7fpw,/m/0j5702r		2001 Berlin International Film Festival						Rudolf G. Wiesmeier,Sandra Schulberg,Des McAnuff	Priscilla John,Donna Isaacson	Martin Childs	Steven Lawrence,Mark Raggett	Jill Quertier							
Pete's Dragon	/m/01_4h2	1977-11-03	Don Chaffey	Ron W. Miller,Jerome Courtland	Malcolm Marmorstein	Frank V. Phillips	Gordon D. Brenner	Irwin Kostal	English Language	G (USA)	/m/0h1713p	United States of America	/m/02vblrn,/m/0h6dlgk,/m/02vd4kn,/m/0j6gtdd,/m/02vc91v,/m/02tb3xy,/m/0h6dlg4,/m/0gw5zt7,/m/0h6dlj_,/m/02tbbjt,/m/0cfzhl7,/m/0h6dlll,/m/0h6dlfk,/m/0kn36m4	/m/0j4n2_g,/m/03lfv3t,/m/0cg20n0,/m/0hh3m5v			Pete's Dragon	Golden Oak Ranch	Children's/Family,Musical,Fantasy Adventure,Adventure,Children's Fantasy,Animation,Family Film,Fantasy		S.S. Field,Seton I. Miller							William Ware Theiss,Bill Thomas			/m/0bmzsyg,/m/07y5fns		Sullivan Bluth Studios,Walt Disney Animation Studios,The Walt Disney Company	Brazzle Dazzle Brilliance!	/m/0j57zdh										John B. Mansbridge	Jack Martin Smith,John B. Mansbridge	Lucien Hafley							
Lost in La Mancha	/m/01_86z	2002-02-11	Keith Fulton,Louis Pepe	Lucy Darwin	Keith Fulton,Louis Pepe	Louis Pepe	Jacob Bricca	Miriam Cutler	Spanish Language,English Language,French Language	R (USA),14A (Canada)		United Kingdom,United States of America		/m/0cg4c4c,/m/0gsy1p2					Documentary						/m/0gm0cl3,/m/0gm0ck0,/m/0cg0tvv,/m/0gyyjyh,/m/0gm0ckp,/m/0gsy1pj,/m/0gm0ckg,/m/0gm0cjt,/m/0gm0ck7,/m/0csf3sf,/m/0gm0ckx,/m/0gm0cl9,/m/0cg10d2,/m/0cg7htc,/m/0cg43vk,/m/0gsy1p8,/m/0gm0cyc		35 mm film		/m/0gm0d0y,/m/0gm0d14						/m/0n4m9dy,/m/0n4m9cc,/m/0n4m8ts,/m/0n4m90x,/m/0n4m93r,/m/0n4m9q0,/m/0n4m966,/m/0n4m98w,/m/0n4m9l7,/m/0n4m8xc,/m/0n4m91j,/m/0n4m9p0,/m/0n4m8x3,/m/0n4m99c,/m/0n4m8k8,/m/0n4m97x,/m/0n4m9hw,/m/0n4m8sx,/m/0n4m9fx,/m/0n4m96s,/m/0n4m9dg,/m/0j56p99,/m/0n4m9g7,/m/0n4m9f7,/m/0n4m8qm,/m/0n4m8nv,/m/0n4m97f,/m/0n4m8wk,/m/0n4m9m6,/m/0n4m95q,/m/0gm0bxr,/m/0n4m9kb		2004 Berlin International Film Festival,2002 Berlin International Film Festival,2002 Karlovy Vary International Film Festival,2012 Hot Docs								Benjamin Fernandez									
The Shop on Main Street	/m/01fd9_	1965	Ján Kadár,Elmar Klos	Jaromír Lukás,M. Broz,Frank Daniel,Karel Feix,Jordan Balurov	Ladislav Grosman,Elmar Klos,Ján Kadár	Vladimír Novotný	Jaromír Janácek,Diana Heringova	Zdeněk Liška	Yiddish Language,Czech Language,German Language,Slovak Language			Czechoslovakia,Czech Republic	/m/0gcgc2j,/m/0b_qxcp,/m/0k6g30,/m/02vbdd3,/m/0k6g2w,/m/0k6g2d,/m/0gc966m,/m/0b_qxc9,/m/0b_qxbw,/m/0b_qxcg,/m/0b_qxc2,/m/0k6g2q	/m/0gtl6_7,/m/0k6g3b					World cinema,Czechoslovak New Wave,War film,Drama		Ladislav Grosman			World War II,Holocaust				Marie Rosenfelderova							/m/0b_qxbl,/m/0gl9933		1965 San Francisco International Film Festival,1996 Karlovy Vary International Film Festival,1965 Cannes Film Festival								Karel Skvor		Frantisek Straka							
Darkman	/m/01hdzl3	1990-08-24	Sam Raimi	Robert Tapert	Ivan Raimi,Chuck Pfarrer,Daniel Goldin,Sam Raimi,Joshua Goldin	Bill Pope	Bud S. Smith,David Stiven	Danny Elfman	English Language	R (USA)	/m/0jwzx6	United States of America	/m/0gcgw9m,/m/0df0d23,/m/0df0d2_,/m/0h60g2m,/m/0cr_2wr,/m/0df0d49,/m/0h60g1s,/m/0df0d4y,/m/0jwzwm,/m/03jrwfr,/m/0jwzwg,/m/0df0d3n,/m/0h60g36,/m/0jwzw9,/m/0jwzw4,/m/0h60g1c	/m/0cg0jq4,/m/0jwzw_					Thriller,Horror,Action/Adventure,Superhero,Crime Fiction,Superhero movie,Science Fiction,Action		Sam Raimi							Grania Preston	/m/0dfydw9,/m/0dfydxp,/m/0dfydz9,/m/0dfydzy,/m/0dfydyp,/m/0dfydz5,/m/0dfydwp,/m/0dfyd_1,/m/0dfydx9,/m/0dfyd_5,/m/0dfydzt,/m/0dfydw5,/m/0dfydxy,/m/0dfydw1,/m/0dfydwk,/m/0dfydz1,/m/0dfydvy,/m/0dfydwy,/m/0dfydy1,/m/0dfydwt,/m/0dfydxf,/m/0dfydwf		/m/059r11s		Universal Studios	In the darkest hour, there is a light that shines on every human being...but ONE!,Who is Darkman?,Now, Crime Has a New Enemy, And Justice Has a New Face!	/m/0jsp5yq,/m/0j58mxz										Randy Ser	Phil Dagort	Julie Kaye Fanton							
Mystery Men	/m/01r6s5	1999-07-22	Danny Boyle,Kinka Usher	Mike Richardson,Lloyd Levin,Lawrence Gordon	Neil Cuthbert	Stephen H. Burum	Conrad Buff	Stephen Warbeck	English Language	PG-13 (USA),PG (USA)	/m/0h17tfb	United States of America	/m/02tbfsl,/m/02hr3jl,/m/09vkks3,/m/02vb2y0,/m/0220wp2,/m/02vbd55,/m/02vb_9n,/m/03jpvrh,/m/02vbfsr,/m/02vchkk,/m/02vbk7y,/m/03jslzf,/m/0ggfq13,/m/03lcpqj,/m/02vb9r2,/m/02vbb5x,/m/02vbfg4,/m/02vc_s2,/m/02vb6jq,/m/02kdpzf	/m/03lcpqc,/m/0cv_szd			Mystery Men		Comedy,Parody,Superhero movie,Fantasy,Action/Adventure,Indie,Action		Bob Burden							Marilyn Vance			/m/059qnjy		Universal Studios	We're not your classic heroes, we're the other guys.,This summer expect the unexpected.,Universal Pictures presents a new league of heroes that step to a different beat.	/m/0j56jvw,/m/0jsn8mt								Robert Engelman	Mindy Marin	Kirk M. Petruccelli	Barry Chusid	Victor J. Zolfo							
Striptease	/m/01r97z	1996-06-23	Andrew Bergman	Mike Lobell,Andrew Bergman	Andrew Bergman	Stephen Goldblatt	Anne V. Coates	Howard Shore	English Language	R (USA)	/m/0k3w6x	United States of America	/m/0bvsx3k,/m/03jr6ll,/m/0k3w5y,/m/0k3w62,/m/0bvsx0q,/m/0bvsx8f,/m/0bvsx9d,/m/0bvsx9s,/m/0bvsx1r,/m/0bvsx7_,/m/0bvsx4x,/m/0bvsx8v,/m/0bvsx4b,/m/0k3w6d,/m/0bvsx27,/m/0k3w67,/m/0bvsxb5,/m/03jr7tg,/m/0bvsx35	/m/03lcq6l,/m/0k3w6p			Striptease		Film adaptation,Crime Thriller,Crime Fiction,Drama,Satire,Comedy,Erotica,Sex comedy		Carl Hiaasen							Albert Wolsky	/m/0bvsxnq,/m/0bvsxpb,/m/0bvsxmc,/m/0bvsxks,/m/0bvsxqx,/m/0bvsxkd,/m/0bvsxnz,/m/0bvsxr0,/m/0bvsxkx,/m/0bvsxm7,/m/0bvsxnv,/m/0bvsxlr,/m/0bvsxp6,/m/0bvsxqn,/m/0bvsxkn,/m/0bvsxk8,/m/0bvsxl_		/m/098f6tg,/m/06wgtl6,/m/05t5s7_		Castle Rock Entertainment	Some People Get Into Trouble No Matter What They WEAR.,A comedy in the last place you expect to find one.,It ain't "Showgirls"...then again, it ain't "Snow White" either!.	/m/0j9jdjd,/m/0h6dhl8,/m/0j9jdj4								Joseph Hartwick	John S. Lyons	Mel Bourne	Elizabeth Lapp	Leslie Bloome							
The Phantom of the Opera	/m/01sxdy	2004-12-09	Joel Schumacher	Andrew Lloyd Webber	Joel Schumacher,Andrew Lloyd Webber	John Mathieson	Terry Rawlings		Italian Language,English Language	PG-13 (USA)	/m/0k63jp	United States of America,United Kingdom	/m/0gg39j3,/m/0k63h_,/m/03jrbt1,/m/03js1hz,/m/02vc342,/m/0gg39kp,/m/0k63hj,/m/03ld4zy,/m/0h5sp2x,/m/0h5sp3l,/m/02vb7v7,/m/0k63hv,/m/0k63hp,/m/0k63j4,/m/0h5sp37,/m/0gg39k2	/m/0k63jh			The Phantom of the Opera: The Original Motion Picture,El fantasma de la ópera - Banda sonora original,The Phantom of the Opera (2004 film cast),Il fantasma dell'opera (2004 Italian film cast),Das Phantom der Oper (2004 German film cast)		Drama,Romance Film,Romantic drama,Period piece,Musical,Horror		Gaston Leroux							Alexandra Byrne	/m/0gg3b4s,/m/0gg39_8,/m/0gg39zs,/m/0gg3b3s,/m/0gg3b4d,/m/0gg3b3n,/m/0cc0nkg,/m/0gg3b0j,/m/0gg39zx,/m/0gg3b0x,/m/0gg3b50,/m/0gg3b3j,/m/0gg3b2s,/m/0gg3b2j,/m/0gg3b44,/m/0cc0nql,/m/0gg3b4j,/m/0gg3b24,/m/0gg3b54,/m/0gg3b58,/m/0gg39_d,/m/0gg3b4n,/m/0gg3b40,/m/0gg39_4,/m/0gg3b0s,/m/0cgjgww,/m/0gg3b48,/m/0gg3b28,/m/0gg39_0,/m/0cc0nps,/m/0gg3b2x		/m/059qr3b,/m/05t5sj9		Warner Bros. Entertainment,Universal Studios		/m/0j58lxh,/m/0jsmst7				Learn to Be Lonely				Louise Goodsill,Ralph Kamp,Julia Blackman,Jeff Abberley,Keith Cousins,Paul Hitchcock,Austin Shaw	David Grindrod	Anthony D. G. Pratt	John Fenner,Paul Kirby	Celia Bobak							
Baby the Rain Must Fall	/m/01v1xl	1965-01-15	Robert Mulligan	Alan J. Pakula	Horton Foote	Ernest Laszlo		Elmer Bernstein	English Language			United States of America	/m/02vbc0j,/m/0gc0609,/m/0gc1jll,/m/02tb64g,/m/0gdl2js,/m/0gcg0_m,/m/0cg43_0,/m/0cg5w_t,/m/0gck9dk,/m/0cg3qj2,/m/0cr_ww7	/m/03ldgd7,/m/0cg8f_1				Texas,Wharton	Romantic drama,Drama,Romance Film		Horton Foote										/m/059qqhv			Don't call him no damn good .... not in front of her!,The more he gets into trouble, the more he gets under her skin!	/m/0gl8jh6											Roland Anderson								
Fox Movietone News: Jenkins Orphanage Band	/m/01xrwbd	1928										United States of America		/m/0j97116		National Film Registry			News,Short Film,Documentary,Music						/m/0j97136										/m/0j970t8																			
Master and Commander: The Far Side of the World	/m/020fcn	2003-11-14	Peter Weir	Peter Weir,Duncan Henderson,Samuel Goldwyn, Jr.	John Collee,Peter Weir	Russell Boyd	Lee Smith	Christopher Gordon,Iva Davies,Richard Tognetti	Portuguese Language,French Language,English Language	PG-13 (USA)	/m/0h17t33	United States of America	/m/03jt00q,/m/0g96tw5,/m/0gczf7r,/m/0gc1xj4,/m/0k0h6c,/m/0cfzf58,/m/03jslx4,/m/03jrzvq,/m/03jrx88,/m/0k0h6j,/m/0g96ts7,/m/0g96ttm,/m/0gcxgc9,/m/0gc70jb,/m/0g96tsx,/m/0k0h66,/m/0gcmhnj,/m/0cs27dl,/m/03jpx1t,/m/0g96tv8,/m/0gdlb6l,/m/0cf_nf2,/m/0gc_184,/m/07skwjt,/m/0g96twm,/m/0k0h6p,/m/0cg7zff	/m/0k0h6_			Master and Commander: The Far Side of the World		Film adaptation,Period piece,Costume Adventure,Action,Action/Adventure,Drama,Adventure,War film		Patrick O'Brian			Napoleonic Wars			Super 35 mm film	Wendy Stites	/m/0g97qgk,/m/0g97283,/m/0g97qm5,/m/0g9720q,/m/0g97qlt,/m/0g9726m,/m/0g972d6,/m/0g97qfy,/m/0g972f2,/m/0g972fg,/m/0g9728_,/m/0g972fv,/m/0cbbl6l,/m/0g9727w,/m/0g97qmy,/m/0g9728h,/m/0g97qky,/m/0g9727_,/m/0g97qff,/m/0g97qcc,/m/0g97q9h,/m/0g97qg5,/m/0g97qgp,/m/0g97qb_,/m/0g97q9_,/m/0g97qfk,/m/0cc2v90,/m/0g9721l,/m/0g97q9r,/m/0g97qfp,/m/0g972dl,/m/0g972db,/m/0g972dq,/m/0g9722q,/m/0g97qg9,/m/0g97226,/m/0g9720b,/m/0g97qft,/m/0g97qg1,/m/0g9721b,/m/0g972dv,/m/0g97qm9,/m/0g97qmk,/m/0g97qkk,/m/0g9720g,/m/0g97qmf,/m/0g97qf1,/m/0g97qly,/m/0g9727r,/m/0g97qgf,/m/0g972g3,/m/0g972f6,/m/0g97qc3,/m/0g97qlf,/m/0g97qhf		/m/05t5tz3,/m/059qm66,/m/059qm61,/m/0fs89lz		20th Century Fox,Miramax Films,Universal Studios		/m/0gl9k3s								Alan B. Curtiss	Mary Selway,Fiona Weir	William Sandell	Marco Niro,Bruce Crone,Héctor Romero,Mark Mansbridge	Robert Gould							
The Slipper and the Rose	/m/023p8g	1976	Bryan Forbes	David Frost,Stuart Lyons	Sherman Brothers,Bryan Forbes	Tony Imi	Timothy Gee	Robert B. Sherman,Richard M. Sherman,Angela Morley	English Language	G (USA)		United Kingdom	/m/02vcf70,/m/02vb96p,/m/02vd2dc,/m/02tb88b,/m/03js7fz	/m/03lh1s0					Romance Film,Costume drama,Musical,Romantic fantasy,Fantasy									Julie Harris			/m/059qphv		Universal Studios		/m/0j57c9k,/m/0j56qct										Raymond Simm									
The Chain Gang	/m/024rwk	1930-09-05	Burton Gillett	Walt Disney								United States of America	/m/0gy6vj9						Short Film,Animation,Family Film,Musical,Comedy film														Walt Disney Pictures																					
Ludwig	/m/087s_p	1973-03-07	Luchino Visconti	Ugo Santalucia,Dieter Geissler	Luchino Visconti,Enrico Medioli,Suso Cecchi d'Amico	Armando Nannuzzi	Ruggero Mastroianni		German Language,French Language,Italian Language			France,Germany,Italy,West Germany	/m/0k08g2,/m/0bntr1l,/m/0k08fy,/m/0k08gd,/m/0k08g7,/m/075qybs,/m/0bntr11,/m/0bntr16,/m/0bntr0r,/m/0bntr1c,/m/075qybd,/m/09hyyw8,/m/075qyb6,/m/0bntr0x	/m/0k08gw,/m/0cgbmtg					Biopic [feature],Biography,Biographical film,Art film,World cinema,LGBT,Period piece,Drama,Historical fiction,Historical Epic,History		Luchino Visconti,Enrico Medioli			King Ludwig II of Bavaria				Piero Tosi			/m/05t6x9z				/m/0gl9t7m		1995 San Francisco International Film Festival						Robert Gordon Edwards		Mario Chiari	Mario Chiari								
Cafe	/m/0805k9l	2011-08-19	Marc Erlbaum	Sean Covel,J. Andrew Greenblatt,Chris Wyatt,Marc Erlbaum	Marc Erlbaum	Joseph White	Demian Fenton	Christopher Brady	English Language			United States of America	/m/0k5m_x1,/m/0k5m_jd,/m/0k5m_zq,/m/08cydl2,/m/0hjbd1h,/m/0hjbd13,/m/0k5m_zb,/m/08cydl7,/m/0k5m_yk,/m/08cydld,/m/0gcll08,/m/0k5m_b4,/m/0k5m_6v,/m/0hjbd45,/m/08cydkm,/m/0k5m_x_,/m/0k5m_xf,/m/0k5m_6g,/m/0k5m_wh,/m/08cydky,/m/0gfcd_8,/m/0gcyd4l,/m/0k5m_yy,/m/0h6n9v6,/m/08cydks,/m/0k5m_j0,/m/0cg0k6d,/m/0k5m_w3,/m/0hjbd21	/m/0cg2lvj				Philadelphia,The Green Line Cafe,Bala Cynwyd	Drama									Krystal Tini	/m/0k5n1g4,/m/0k5n1f0,/m/0k5scfz,/m/0k5n2hq,/m/0k5sggx,/m/0k5scgy,/m/0k5n2gt,/m/0hjbgnb,/m/0k5n2z_,/m/0k5scgk,/m/0k5n0qy,/m/0k5n2rt,/m/0k5n4jn,/m/0k5n4q7,/m/0k5n1np,/m/0hjbgng,/m/0k5n1fd,/m/0k5ztk2,/m/0hjbgn6,/m/0k5n05p,/m/0k5n2jg,/m/0k5n008,/m/0k5sg98,/m/0k5n1dt,/m/0k5scxz,/m/0k5n062,/m/0k5n5jw,/m/0k5n059,/m/0k5sg8p,/m/0k5n2h5,/m/0hjbgnl,/m/0k5scn9,/m/0hjbgnq			/m/0k5mzz3,/m/0k5zt5g,/m/0k5zt64	Chrystie Street Casting						Butterfly				David Magerman,Silverado Studios	Jessica Kelly,Annette Kaplafka	Stan Harris									/m/0k5_86z,/m/0k5_fmt,/m/0k5_dmg,/m/0k5zv0z,/m/0k5_w6k,/m/0k5_fys,/m/0k5_wx2,/m/0k5_v1c,/m/0k5_v_5,/m/0k5_wj8,/m/0k5_gzr,/m/0k5_wlp,/m/0k5_vg2,/m/0k5_f4b,/m/0k5_yht,/m/0k5_gh3,/m/0k5_hpy,/m/0k5_zq5,/m/0k5_w5d,/m/0k5_6tb,/m/0k5_csz,/m/0k5_cdm,/m/0k5_wmh,/m/0k5_tnl,/m/0k5_c2r,/m/0k5_7hv,/m/0k5_j07,/m/0k5_stk,/m/0k5_t72,/m/0k5_yyj,/m/0k5_wpw,/m/0k5_s1f,/m/0k5_wbw,/m/0k5_dyk
Misty	/m/08d356	1961	James B. Clark	Robert B. Radnitz	Ted Sherdeman				English Language			United States of America	/m/0c1nwnb,/m/0c1nwnq,/m/0c1nwmd,/m/0c1nwmz	/m/0c1nwp8					Adventure,Drama,Family Film		Marguerite Henry																									Maurice Ransford	Stuart A. Reiss,Walter M. Scott							
The Widow's Might	/m/08p4w_8	1918	William C. DeMille						English Language			United States of America							Comedy,Drama																											Wilfred Buckland								
Virrudh... Family Comes First	/m/08cjjc	2005-07-22	Mahesh Manjrekar	Sagoon Wagh,Amitabh Bachchan	Mahesh Manjrekar	Vijay Arora		Ajay Atul	Hindi Language			India	/m/0gxrc0q,/m/0k7r_5,/m/0h79t9w,/m/0k7r_b,/m/0gdlsx9,/m/0gc152s,/m/0cg0c53,/m/0h5q1f0,/m/0cs73bg,/m/0dbxqpv,/m/0k7rzw,/m/0k7rzq	/m/0k7r_l			Viruddh		Bollywood,World cinema,Drama																/m/0jspd7k																			
My Name is Tanino	/m/07s7wry	2003-05-30	Paolo Virzì	Vittorio Cecchi Gori					English Language,Italian Language			Canada,Italy	/m/0bd44s7,/m/0bd32z6	/m/0b7lsqg,/m/0gvy3pl					Comedy																											Anastasia Masaro								
Exquisite Sinner	/m/080fwbl	1926-03-28	Phil Rosen,Josef von Sternberg						Silent film,English Language			United States of America	/m/08c_cz5,/m/08c_cq7,/m/08c_cq2,/m/08c_crj	/m/08c_cpy					Silent film												/m/08c_cpq															Cedric Gibbons,Joseph C. Wright								
I Remember Better When I Paint	/m/0805r87		Berna Huebner,Eric Ellena						English Language			France,United States of America							Documentary																																			
The Deuce of Spades	/m/08p40nv	1922	Charles Ray						English Language			United States of America							Western,Comedy																											Wilfred Buckland								
The Fifth Missile	/m/084yc9	1986-02-23	Larry Peerce		Frank M. Robinson,Thomas N. Scortia,Eric Bercovici	Cristiano Pogany	Jack Tucker,Maureen O'Connell	Pino Donaggio	English Language			Italy,United States of America	/m/0k51xx,/m/0k51xr,/m/0k51y1	/m/0k51yc					Drama,War film,Thriller												/m/06wh7n4																							
Sinbad and the Eye of the Tiger	/m/07xxt4	1977-07-15	Sam Wanamaker	Charles H. Schneer,Ray Harryhausen	Beverley Cross,Ray Harryhausen	Ted Moore	Roy Watts	Roy Budd	English Language	G (USA)	/m/0k39yg	United Kingdom	/m/0gc9zjp,/m/0k39x9,/m/02vc8mp,/m/0gb_v3b,/m/0k39xm,/m/0gchlf1,/m/0cskgv3,/m/0gcnctr,/m/0k39xs,/m/0cg8yql	/m/0k39y5,/m/0cg7n9y			Sinbad and the Eye of the Tiger		Fantasy Adventure,Stop motion,Family Film,Drama,Science Fiction,Children's Fantasy,Swashbuckler films,Action,Action/Adventure,Adventure,Costume drama,Fantasy,Mythological Fantasy	Ray Harryhausen films			The Golden Voyage of Sinbad								/m/059r6d3		Columbia Pictures		/m/0j586db										Geoffrey Drake									
The TV Set	/m/08s4sw	2006-04-28	Jake Kasdan	Aaron Ryder,Jake Kasdan	Jake Kasdan	Uta Briesewitz	Tara Timpone	Michael Andrews	English Language	R (USA)	/m/0h177ng	United States of America	/m/0h5hnb_,/m/02vbgtn,/m/0bjkyc3,/m/0bjkygj,/m/0bjkyn2,/m/0bjkylf,/m/0bjkypz,/m/0bjkyj8,/m/02vbfzr,/m/02vc3jv,/m/0bjkyfw,/m/0bjkyd7,/m/02vby9t,/m/0bjkyng,/m/02vcsx7,/m/02vc3nw,/m/02vcvy9,/m/02vb2xk,/m/02tbg8l,/m/0bjkyqp,/m/0bjkyjz,/m/0bjkyf5	/m/03ld7fc,/m/0cg7z68				Los Angeles	Indie,Comedy,Media Satire,Comedy-drama,Drama					Television,Television pilot				Debra McGuire	/m/0bjlh_v,/m/0bjlj00,/m/0bjlhzq,/m/0bjll3w,/m/0bjlh_n,/m/0bjlj06,/m/0bjlhz9,/m/0bjll3k,/m/0bjlh_g,/m/0bjll2_,/m/0bjlhzx,/m/0bjlh_8,/m/0bjlhz3		/m/059r8jl,/m/0btnwgw			A place where dreams are cancelled.	/m/0j580kp								Judd Apatow,Lawrence Kasdan	Anya Colloff,Amy McIntyre Britt	Jefferson Sage	Lauren E. Polizzi	Dianna Freas							
San Francisco	/m/07tlkx9	1959							Italian Language			Italy																									1959 San Francisco International Film Festival																	
Kondaveeti Donga	/m/08kfmx	1990	A. Kodandarami Reddy						Telugu language			India	/m/0kn16cn,/m/0kn585k,/m/0kn7nrr,/m/0kn4vb5,/m/0km_xlw,/m/0kn01xb,/m/0kn4lr_						Action,Musical																																			
The Man Who Will Come	/m/07yl3cr	2009-10-16	Giorgio Diritti	Simone Bachini,Giorgio Diritti,Rai Cinema,Aranciafilm	Giorgio Diritti,Siovanni Salavotti,Giovanni Galavotti,Tania Pedroni	Roberto Cimatti	Giorgio Diritti,Paolo Marzoni	Marco Biscarini,Daniele Furlati	Italian Language,German Language			Italy	/m/07yl3_0,/m/0cm1gsy,/m/0cm1grb,/m/0cm1grx,/m/0glh6bj,/m/0cm1gq_,/m/0bh0f84,/m/0bh0f74,/m/07yl3_c,/m/0cm1gpd,/m/0cm1gsl,/m/0cm1gpr,/m/07yl3_6,/m/0cm1gs7,/m/0cm1gq2,/m/0cm1gqf	/m/0cg80v2,/m/0gcrdwx,/m/07yl3fw				Siena,Castel San Pietro Terme,Colle di Val d'Elsa,Monte San Pietro,Emilia-Romagna,Bologna	Drama,War film,Historical fiction					World War II			35 mm film	Lia Francesca Morandini	/m/0c6qvfk,/m/0c7f721,/m/0c7dj7z			/m/0cj6hqc	Aranciafilm		/m/0cjc0y3,/m/0glh6bp		2010 San Francisco International Film Festival,2010 Shanghai International Film Festival,2010 Karlovy Vary International Film Festival,2009 The Times BFI London Film Festival,2009 Rome Film Feast,2011 Palm Springs International Film Festival								Giancarlo Basili									
Grand Canyon	/m/07w_vt	1991-12-25	Lawrence Kasdan	Lawrence Kasdan,Charles Okun,Michael Grillo	Lawrence Kasdan,Meg Kasdan	Owen Roizman	Carol Littleton	James Newton Howard	English Language	R (USA)		United States of America	/m/0jyzpg,/m/0cg9wg3,/m/0jyzps,/m/0jyzpy,/m/0jyzpm,/m/0cg0vv3,/m/0gc3v5t,/m/0jyzp4,/m/0jyzp9	/m/0cg7x0q,/m/0jyzq6,/m/0gl76vq,/m/0gw9dm0			Grand Canyon	Grand Canyon National Park,Los Angeles	Drama									Aggie Guerard Rodgers			/m/059r6_r			In the 1980's, director Lawrence Kasdan brought you "The Big Chill". Welcome to the 90's.	/m/0gl76vk		1992 Berlin International Film Festival								Bo Welch									
Iruvar	/m/086yz_	1997-01-14	Mani Ratnam	Mani Ratnam,Suhasini Mani Ratnam,G. Srinivasan	Suhasini Mani Ratnam,Mani Ratnam	Santosh Sivan		A. R. Rahman	Tamil Language			India	/m/0jz_sw,/m/0jz_tb,/m/0h825yv,/m/05t6x4_,/m/0jz_t5,/m/0jz_sq,/m/0jz_t0,/m/0jz_sk	/m/0dwfck6,/m/0gl8053,/m/0jz_tm,/m/03lc9xf					Biographical film,Drama,Tamil cinema																																			
A State of Vine	/m/080gvzm	2007												/m/0gw14b4					Documentary																																			
That Midnight Kiss	/m/082k34	1949-09-22	Norman Taurog						English Language			United States of America	/m/0b456b8,/m/02vbpf4,/m/0csdt18,/m/0cs3dlj,/m/0cgbvjc,/m/02vbfc4,/m/0csd10y,/m/0cf_nsf,/m/02tbcx6	/m/03lc35y					Romance Film,Musical									Arlington Valles,Helen Rose			/m/05t6wjh			The biggest kiss in movie history!												Cedric Gibbons,E. Preston Ames	Edwin B. Willis							
God Told Me To	/m/08n26b	1976-11	Larry Cohen	Larry Cohen	Larry Cohen	Paul Glickman	William J. Waters,Mike Corey,Arthur Mandelberg,Chris Lebenzon	Frank Cordell	English Language	R (USA)		United States of America	/m/04hv537,/m/0cs0nfy,/m/0cf_4sb,/m/0gcc7ws,/m/03jt17f,/m/0csn6_g,/m/0cg1rlr,/m/0gcqjhl,/m/03jq_5q,/m/03jr23j,/m/0gcq7nr,/m/0g4mdw5,/m/02vctk1	/m/0cfzjzl,/m/0jyvc1				New York City	Supernatural,Detective fiction,Mystery,Thriller,Horror,Cult,Crime Thriller,Science Fiction,B-movie,Crime Fiction,Detective									Halston			/m/07716sh			Was he a god - the Devil or something even more terrifying...	/m/0j58zt3,/m/0gl9605,/m/0gl960b		2010 Vienna International Film Festival																	
Anbe Sivam	/m/086xw9	2003	Sundar C	K. Muralitharan,V. Swaminathan,G. Venugopal	Kamal Haasan,Madhan	Arthur A. Wilson,Arthur Wilson	Suresh Pai	Vidyasagar	Tamil Language			India	/m/0jtj2_,/m/0gc3f4z,/m/0jtj18,/m/0jtj2c,/m/0jtj1x,/m/0jtj21,/m/0jtj13,/m/0jtj1f,/m/0jtj26,/m/059r8d_,/m/0jtj39,/m/0jtj2v,/m/0gc6tsc,/m/0gcjstp,/m/0jtj2j,/m/0gcd3dl,/m/0gcg3tw,/m/02vcfhn,/m/0gc0gdf,/m/0h7x3pb	/m/0km_zb4,/m/0jtj3l,/m/0cf_mpm					Comedy,Tamil cinema,Musical,World cinema,Drama																/m/0j56kkn																			
Joey	/m/080ckym	1986	Joseph Ellison			Oliver Wood	Christopher Andrews		English Language			United States of America	/m/0ccf8b0	/m/0gv_zdf					Drama																																			
Erotic Ghost Story	/m/08llnq	1987	Lam Ngai Kai						Standard Cantonese			Hong Kong	/m/02vd7l3						Fantasy,Erotica,Softcore Porn,Chinese Movies,Fantasy Comedy,Adult,Sex comedy																																			
Grind	/m/088_0b	2003-08-15	Casey La Scala	Bill Gerber					English Language	PG-13 (USA)		United States of America	/m/05v7_bd,/m/02vczjm,/m/02tb5kb,/m/03jsfp9,/m/03m2s6b,/m/02vc2c_,/m/0cf__4f,/m/02vd9lm,/m/03jp8f2,/m/03jtcqq,/m/02vcbmf,/m/0gchr27,/m/03jq6qk,/m/03jt87_,/m/02vb_v1,/m/0gc7qcq,/m/03jtbvy,/m/0cg2t99	/m/0cg01p9,/m/03lcfc8			Grind		Action/Adventure,Adventure,Comedy,Action,Teen,Sports												/m/05t6xgs			Go Big Or Go Home,This Summer the underdogs have their day.,Live Fast... Play Hard... Die Laughing...	/m/0j56b0d,/m/0jsp0gk										Perry Andelin Blake		Claire Kaufman							
Equinox	/m/080c3zq	1992-09-18	Alan Rudolph	David Blocker	Alan Rudolph	Elliot Davis	Michael Ruscio		English Language	R (USA)		United States of America	/m/0gc7qs5,/m/0bx19yj,/m/0bx21rv,/m/0bx0mlc,/m/0gcn5nv,/m/0gc3vcr,/m/0gcp_np,/m/0gc8p18	/m/0gl785h,/m/0d856x3					Drama,Crime Fiction,Indie									Sharen Davis							/m/0gl785b								Syd Cappe,Sandy Stern,Nicolas Stiliadis	Pam Dixon	Steven Legler									
The Nearsighted School Teacher	/m/07vq4_	1898-07				Billy Bitzer						United States of America	/m/0j7ygx1						Silent film,Short Film,Comedy																/m/0j7ygwd																			
For Your Consideration	/m/0888c3	2006-11-17	Christopher Guest	Karen Murphy	Christopher Guest,Eugene Levy	Roberto Schaefer	Robert Leighton	Christopher Guest,Eugene Levy	English Language	PG-13 (USA)	/m/0h180fm	United States of America	/m/03jr7mr,/m/0gyhcpp,/m/03jqw5m,/m/0jyc80,/m/0jyc93,/m/0gyk82b,/m/0jyc8b,/m/0jyc9f,/m/0gynp30,/m/0clz7fl,/m/0jyc8t,/m/0h3b2l2,/m/09vkywk,/m/0jyc85,/m/0clz7h9,/m/03jrz24,/m/0h2_47_,/m/0clz7hq,/m/0jyc8h,/m/0gc6rrh,/m/0h2svrx,/m/0jyc8z,/m/0jyc98,/m/0gdl8yl,/m/0jyc8n	/m/0cg0v9n					Comedy,Mockumentary,Parody				A Mighty Wind					Durinda Wood	/m/0clyv6l,/m/0clyv7l,/m/0clyv7g,/m/0clyv8q,/m/0clyv6g,/m/0clyv7z,/m/0clyv8v,/m/0clyv82,/m/0clyv86,/m/0clyv8z,/m/0clyv7v,/m/0clyv8l,/m/0clyv6v,/m/0clyv76,/m/0clyv6z,/m/0clyv8b,/m/0clyv92,/m/0clyv6b,/m/0clyv6q		/m/059r7gd				/m/0j5700p,/m/0gl9ny7									Richard Hicks,David Rubin	Joseph T. Garrity	Pat Tagliaferro	Dena Roth							
Hinokio	/m/085kv9	2005-07-09	Takahiko Akiyama	Hidekazu Uehara,Takuji Ushiyama,Shuuji Uchiyama	Masumi Suetani,Shoji Yonemura,Takahiko Akiyama				Japanese Language			Japan	/m/0jzftn,/m/03jqp3p,/m/02vcbbb,/m/03jt7w1,/m/0jzfth	/m/0jzfv3			HINOKIO		Japanese Movies,Children's/Family,Children's Fantasy																/m/0gl9drg																			
Lapin kullan kimallus	/m/07xczv	1999	Åke Lindman	Åke Lindman,Hanna Hemilä	Heikki Vuento,Åke Lindman				Finnish Language			Finland	/m/03lbs3_,/m/03lbs3p,/m/0c05yj_,/m/0j_s6g,/m/03lbs3v,/m/0j_s5v	/m/0j_s6r					Drama												/m/08crvzp																							
Elephant Boy	/m/08dd5ft																		Adventure,Family Film,Drama																																			
Citizen X	/m/01_jty	1995	Chris Gerolmo		Chris Gerolmo	Robert Fraisse	William Goldenberg	Randy Edelman	English Language	R (USA)		United States of America	/m/04m10vg,/m/04m10tv,/m/04hvd0m,/m/04m10v4,/m/04m10v9,/m/05nnd8j,/m/04hvd0g	/m/0bvjjvc,/m/0cg70v3					Crime Fiction,Suspense,Mystery,Crime Thriller,Docudrama,Thriller,Television movie,Crime Drama,Drama		Robert Cullen			Serial killer											/m/0glb667,/m/0glb66d,/m/0j57qcf																			
Tron	/m/01tdmp	1982-07-09	Steven Lisberger	Donald Kushner	Steven Lisberger	Bruce Logan	Jeff Gourson	Wendy Carlos	English Language	PG (USA)	/m/0k7ccr	United States of America	/m/0gm10wq,/m/0hcfdvm,/m/0k7cbl,/m/0hcff36,/m/02vcfv7,/m/0k7cbr,/m/0h33hbw,/m/0hcfdzq,/m/0gm1zcv,/m/0k7cbx,/m/0hcfdzf,/m/0k7cc6,/m/0k7cc1,/m/0hcfdd1,/m/0dfznc6	/m/0jx6vrs,/m/0k7cch			Tron,Tron		Adventure,Cyberpunk,Thriller,Action,Family Film,Computer Animation,Science Fiction		Bonnie MacBird,Steven Lisberger	Tron: Legacy		Cyberspace				Elois Jenssen,Rosanna Norton	/m/0cc2tck,/m/0cc2tlw		/m/0j6mmt6,/m/0j6mmtf,/m/0j6mmv0,/m/0bhg64z,/m/07skvhc,/m/0j6mmtq		The Kushner-Locke Company	The Electronic Gladiator,Trapped inside an electronic arena, where love, and escape, do not compute!,A world inside the computer where man has never been. Never before now.,Trapped in a fight to the finish inside the video world he created,In the future video game battles will be a matter of life or death.	/m/0j594kq,/m/0j59115,/m/0glbf89								Ron W. Miller		Darren Gilford	Al Roelofs,John B. Mansbridge	Roger M. Shook							
Cinderella Liberty	/m/01gvrv	1973	Mark Rydell		Darryl Ponicsan	Vilmos Zsigmond		John Williams	English Language	R (USA)		United States of America	/m/02vb97f,/m/02vbp7m,/m/0gc6gbg,/m/02tb21z,/m/0bb2c17,/m/02vb80_,/m/0gcydty,/m/02vb6d3,/m/02vdfkn	/m/03l8_f6					Romantic drama,Romance Film,Drama												/m/059qp23			A movie for every woman who thinks she can never fall in love again!	/m/0j5814_																			
Mrs. Doubtfire	/m/01y_sf	1993-11-24	Chris Columbus	Robin Williams,Mark Radcliffe,Marsha Garces Williams	Leslie Dixon,Randi Mayem Singer	Donald McAlpine	Raja Gosnell	Howard Shore	English Language	PG-13 (USA)	/m/0h183gq	United States of America	/m/0k0x9r,/m/0cg5wvg,/m/0k0x9f,/m/0bd36n3,/m/0bd3j5b,/m/0k0x9x,/m/03jsvcd,/m/0cg4sh4,/m/0k0x9l,/m/03jtf1n,/m/0cg077z,/m/03js_lj	/m/0k0xb5			Mrs. Doubtfire	San Francisco,Transamerica Pyramid,Oakland	Comedy,Drama,Domestic Comedy,Comedy of Errors,LGBT,Family Film		Anne Fine							Marit Allen	/m/0cc2wq9,/m/0cc2w3v,/m/0cc2wyr		/m/059qpvz		20th Century Fox	She makes dinner. She does windows. She reads bedtime stories. She's a blessing... in disguise.	/m/0j57sjt,/m/0gl7t4_,/m/0j58zrd,/m/0j57ddj								Matthew Rushton	Janet Hirshenson,Jane Jenkins	Angelo P. Graham	W. Steven Graham	Garrett Lewis							
The Hot Air Salesman	/m/026446x	1937-03-12	Dave Fleischer	Max Fleischer					English Language			United States of America	/m/052cmc3						Short Film,Animation																																			
Kingdom of Heaven	/m/01_0f7	2005-05-03	Ridley Scott	Ridley Scott	William Monahan	John Mathieson	Dody Dorn	Harry Gregson-Williams	Spanish Language,Arabic Language,English Language	R (USA)	/m/0j_hwy	Germany,Spain,United States of America,United Kingdom	/m/0chlwkh,/m/0j2f6yp,/m/02vb9k5,/m/0j_hwf,/m/0chlsdh,/m/0j_hw8,/m/03js3gc,/m/02vbmgx,/m/0chlwld,/m/0cg05y1,/m/03jsd0f,/m/0chlsd2,/m/0j_hvt,/m/03jqf8f,/m/0chlsf_,/m/0j_hw3,/m/02vd1jq,/m/04m10jt,/m/03jqp1p,/m/0chlsfb,/m/0j_hvz,/m/07y5fn4,/m/0chlwmz	/m/0j_hwp,/m/0gl98cr,/m/0cg9b1t			Kingdom of Heaven,Kingdom of Heaven		Action,Adventure,Historical Epic,Drama,Period piece,Action/Adventure,War film,Historical fiction,Epic,Historical drama,Costume drama					Crusades				Janty Yates	/m/0chm8xs,/m/0chm8pq,/m/0chm7q8,/m/0chm676,/m/0chm67z,/m/0chm7p7,/m/0chm6rj,/m/0chm7ys,/m/0chm7xr,/m/0chm5fb,/m/0chm8h9,/m/0chm98h,/m/0chm94h,/m/0chm7y7,/m/0chm7y1,/m/0cc2xy7,/m/0chm7xl,/m/0chm5fl,/m/0chm6rp,/m/0chm7xg,/m/0chm8q0,/m/0chm5fg,/m/0chm98b,/m/0chm8yk,/m/0chm7xx,/m/0chm6rt,/m/0chm75r,/m/0chm65h,/m/0chm6qv,/m/0chm93_,/m/0chm8yp,/m/0chm75m,/m/0cc3dff,/m/0chm685,/m/0chm6q2,/m/0chm8yy,/m/0chm8p7,/m/0chm8z1,/m/0chm94b,/m/0chm8qb,/m/0chm8pd,/m/0chm8b0,/m/0chm6r3,/m/0chm7yn,/m/0chm8pk,/m/0chm660,/m/0chm8yd,/m/0chm94s,/m/0chm6r7,/m/0chm8b9,/m/0chm8qh,/m/0chm66q,/m/0chm7yj,/m/0chm8yt		/m/059qp98			Be without fear in the face of your enemies. Safeguard the helpless, and do no wrong	/m/0chlny4,/m/0j56b52								Terry Needham,Branko Lustig,Lisa Ellzey	Antoinette Boulat,Jina Jay,Debra Zane	Arthur Max	Gianni Giovagnoni,John King,Marco Trentini,Maria-Teresa Barbasso,Ivo Husnjak,Robert Cowper	Sonja Klaus							
Mujhe Kucch Kehna Hai	/m/0261rxn	2001-05-25	Satish Kaushik	Vashu Bhagnani				Anu Malik	Hindi Language			India	/m/0h6nfzj,/m/02vbxp8,/m/02vc0h4,/m/0h6mgv0,/m/02vd7mm,/m/02vbkqg,/m/02vdbqb,/m/0h6ncmv,/m/02vb7h8				Mujhe Kuch Kehna Hai		Romance Film																																			
Voices of a Distant Star	/m/01h8bf	2003-02-02	Makoto Shinkai						Japanese Language,English Language			Japan	/m/0gb5vfw,/m/0gb5vg6,/m/0gb5vgd	/m/0gb5v9g			Voices of a Distant Star,「ほしのこえ」 Soundtrack		Short Film,World cinema,Japanese Movies,Science Fiction,Anime,Romance Film,Animation																/m/0gl885s,/m/0j56qjp																			
My Favorite Year	/m/016k80	1982-10-01	Richard Benjamin	Mel Brooks,Joel Chernoff	Dennis Palumbo			Ralph Burns	English Language	PG (USA)		United States of America,United Kingdom	/m/0cg4xv4,/m/0gcp_mf,/m/04hv9qx,/m/0crz992,/m/04hv9r1,/m/0gc70mf,/m/0crrb42,/m/07sg9vn,/m/0cggz3w,/m/0crwrp5,/m/0cs68bm,/m/0dgk_wh,/m/0cs3j8x,/m/0gcydjw,/m/0gc1k33,/m/0cs4xlq,/m/0cg326z,/m/0cs6612,/m/0gc0yp5,/m/04sw0k4	/m/0k0_yz				New York City	World cinema,Comedy									May Routh			/m/05t5nzm				/m/0j58hfl																			
Possessed	/m/01937g	1947-07-26	Curtis Bernhardt	Jerry Wald	Ranald MacDougall,Lawrence Menkin,Rita Weiman,Silvia Richards	Joseph A. Valentine	Rudi Fehr	Franz Waxman	English Language			United States of America	/m/0cg18s6,/m/0cs3cv7,/m/0cf_46y,/m/05ns_0y,/m/0k21bd,/m/0gcdr5k,/m/0k21b2,/m/02vch39,/m/0k21b7,/m/0gc7384,/m/0gc32k0	/m/0k21c1					Romantic drama,Black-and-white,Film noir,Romance Film,Drama,Crime Fiction,Thriller												/m/05t5pjn		Warner Bros. Entertainment		/m/0gl7x6q		1947 Cannes Film Festival,1982 Berlin International Film Festival									Anton Grot	Fred M. MacLean							
A Double Life	/m/01382t	1947-12-25	George Cukor	Michael Kanin	Ruth Gordon,Garson Kanin	Milton R. Krasner	Robert Parrish	Miklós Rózsa	English Language			United States of America	/m/0cg33g2,/m/0cg12mk,/m/0jsqng,/m/05mc67c,/m/0gc2v2f,/m/0cg1m20,/m/0cg92kg,/m/0cw0gmx,/m/0jsqn9,/m/0gbzdry,/m/0jsqn4	/m/0jsqnr,/m/0cg1p_q					Thriller,Film noir,Crime Thriller,Crime Fiction,Black-and-white,Drama		William Shakespeare								/m/0g4sctm		/m/059qn8q				/m/0gl7bzq		2011 San Francisco Film Noir Festival								Harry Horner	Bernard Herzbrun	John P. Austin,Russell A. Gausman							
The Medúlla Videos	/m/0265b9h	2005										United States of America	/m/0gxgs20	/m/0cs3cz9					Music,Short Film																																			
Spanish Fly	/m/01trvx	2003	Will Wallace									United States of America	/m/03jstsb,/m/04hv40h,/m/04hv40b						Comedy,Drama																																			
9/11	/m/0198lt	2002-03-10	Gedeon Naudet,Jules Naudet,James Hanlon						English Language			France,United States of America		/m/03l76yd					Culture & Society,Documentary,Social issues,Biography					Terrorism							/m/0hnh2yh																							
Seance on a Wet Afternoon	/m/01dvsb	1964-06-20	Bryan Forbes	Richard Attenborough,Bryan Forbes	Bryan Forbes	Gerry Turpin		John Barry	English Language			United Kingdom	/m/09hxs1p,/m/04d4q_z,/m/0cgjfsy,/m/04d4r03,/m/0k303b,/m/0cgjfs1,/m/0cgjftr,/m/0cgjfvs,/m/0k3035,/m/0cgjfr1,/m/0cgjfrg,/m/0cgjftb,/m/0cgjfvb	/m/0k303m					Film adaptation,Crime Fiction,Thriller,Crime Drama,Horror,Drama		Mark McShane										/m/0hvkpjp				/m/0cgjfwk																			
The Paradine Case	/m/01q65n	1947	Alfred Hitchcock	David O. Selznick	Alma Reville,Ben Hecht,James Bridie,David O. Selznick	Lee Garmes		Paul Dessau,Franz Waxman	English Language		/m/0h17dq9	United States of America	/m/02vb2x8,/m/0k6220,/m/0k622n,/m/0k622t,/m/0gyhftx,/m/0k6225,/m/0k622b,/m/0k622h,/m/0k621w,/m/0k621q	/m/0k6231,/m/0gw9j1f,/m/07y5f6m					Suspense,Film noir,Mystery,Courtroom Drama,Drama,Black-and-white		Robert Smythe Hichens							Travis Banton							/m/0j56vds,/m/0glbkh8		1993 Berlin International Film Festival								Joseph McMillan Johnson		Emile Kuri							
Malcolm X	/m/01rwyq	1992-11-18	Spike Lee	Spike Lee,Marvin Worth	Alex Haley,Spike Lee	Ernest R. Dickerson	Barry Alexander Brown	Terence Blanchard	English Language	PG-13 (USA)	/m/0k0cx3	United States of America	/m/0h2tdr4,/m/0cg3x72,/m/0k0cwk,/m/02xkm75,/m/03jqf11,/m/0k0cwd,/m/03jshxh,/m/0k0cvs,/m/03js3d4,/m/0k0cvy,/m/03jsnx5,/m/0h4_91d,/m/0k0cw7,/m/0cg2w8m,/m/02vdb0d,/m/0k0cw2,/m/0cw0jnw	/m/0csgydp,/m/0k0cwv,/m/0kn5zv0			Malcolm X,Malcolm X	New York City	Biography,Drama,Political drama,Period piece,Biographical film					Racism				Ruth E. Carter			/m/05t5sby		40 Acres & A Mule Filmworks		/m/0gl8whb		1993 Berlin International Film Festival								Wynn Thomas	Tom Warren								
Twin Peaks: Fire Walk With Me	/m/01kjr0	1992-05	David Lynch	Gregg Fienberg	David Lynch,Robert Engels	Ronald Victor Garcia	Mary Sweeney	Angelo Badalamenti	English Language	R (USA)	/m/0jy7c5	United States of America,France	/m/0jy7bb,/m/0cg0qc9,/m/02k7_qb,/m/0jy7bh,/m/0jy79k,/m/03jstqt,/m/0jy7bn,/m/0jy79w,/m/02wmj12,/m/0cg3gb0,/m/0jy79q,/m/04nlq1w,/m/0jy7b5,/m/052b6dd,/m/0jy7b0	/m/0jy7by,/m/062tc39			Twin Peaks: Fire Walk With Me		Supernatural,Mystery,Crime Thriller,Suspense,Drama,Psychological thriller,Experimental film,Crime Fiction,Horror,Surrealism,Avant-garde,Thriller									Patricia Norris			/m/05t5r28			In a town like Twin Peaks, no one is innocent.,Meet Laura Palmer... In a town where nothing is as it seems... And everyone has something to hide.,These are the last seven days of Laura Palmer.	/m/0j58hkj,/m/0jsphcw,/m/0glbd3g		1992 Cannes Film Festival						Mark Frost,David Lynch	Johanna Ray	Patricia Norris									
Ronin	/m/015qnh	1998-09-12	John Frankenheimer	Frank Mancuso Jr.	David Mamet,J.D. Zeik	Robert Fraisse	Antony Gibbs	Elia Cmiral	French Language,English Language,Russian Language	R (USA)	/m/0k2p7j	United Kingdom,United States of America	/m/0k2p6_,/m/0bhg5cl,/m/0k2p66,/m/0k2p6c,/m/02h7sq6,/m/0k2p6j,/m/0ggd4y1,/m/0k2p6v,/m/03jt8v5,/m/0k2p6p	/m/0cfzgp0,/m/0k2p78			Ronin	Paris	Action Thrillers,Crime Fiction,Chase Movie,Spy,Action,Thriller		J.D. Zeik						Super 35 mm film	May Routh	/m/0gkjnbs,/m/0ghhj9g,/m/0ghhj86,/m/0ghhjb6,/m/0ghhj9b,/m/0ghhj8q,/m/0ghhj9q,/m/0ghhj96,/m/0ghhj82,/m/0ghhj92,/m/0ghhj9v,/m/0ghhj9z,/m/0ghhjbz,/m/0ghhj8b,/m/0ghhj8g,/m/0ghhj8z,/m/0ghhj8l,/m/0ghhjbb,/m/0ghhjc2,/m/0ghhj7v		/m/08cqgwl,/m/07y5d4k		United Artists	Loyalty is bought, betrayal is a way of life...	/m/0j56d6y,/m/0j57tzy,/m/0jsn1tm								Paul Kelmenson	Amanda Mackey Johnson,Margot Capelier,Cathy Sandrich	Michael Z. Hanan	Gérard Viard	Robert Le Corre							
Homicidal	/m/025s9h0	1961	William Castle	William Castle	Robb White	Burnett Guffey		Hugo Friedhofer	English Language			United States of America	/m/0cg00fr,/m/02vcznv,/m/02vc36x,/m/02vbjwg,/m/0cg4hqd,/m/0b6vlqv	/m/03l9qst					Horror,Slasher												/m/059rrhn			The story of a psychotic killer!,There will be a special FRIGHT BREAK during the showing of Homicidal. Can your heart stand the challenge when the clock starts the COUNTDOWN!	/m/0j57_9t											Cary Odell	Darrell Silvera							
Sorry, Wrong Number	/m/0193ch	1948-09-01	Anatole Litvak	Hal B. Wallis,Anatole Litvak	Lucille Fletcher	Sol Polito	Warren Low	Franz Waxman	English Language			United States of America	/m/0k3kpg,/m/0gczwww,/m/0csbjm0,/m/0cg98pk,/m/0k3kpy,/m/0k3kps,/m/0cg5cwx,/m/0cg3_14,/m/0k3kpm	/m/0cg2d0f,/m/0k3kq5					Psychological thriller,Crime Fiction,Thriller,Drama,Mystery,Crime Thriller,Film noir									Edith Head			/m/05nn7qn		Paramount Pictures	Tangled Wires... Whispering of Murder! Tangled Lives... Fighting to Escape!,The most famous radio drama of all time now electrifies the screen!	/m/0glb0fx,/m/0j58h0j		2011 San Francisco Film Noir Festival									A. Earl Hedrick,Hans Dreier	Bertram C. Granger,Samuel M. Comer							
The Man with the Golden Arm	/m/015d7j	1955-12-14	Otto Preminger	Otto Preminger	Walter Newman,Ben Hecht,Lewis Meltzer	Sam Leavitt	Louis R. Loeffler	Elmer Bernstein	English Language			United States of America	/m/0gck814,/m/0gcy6jd,/m/03jpqvz,/m/0gcxqk0,/m/0k5vwg,/m/0gcf2s0,/m/0gc06by,/m/0gc72lg,/m/0gc7n1c,/m/0k5vw4,/m/0gcbmdr,/m/0k5vw9	/m/0gw9rv9,/m/0k5vwt					Addiction Drama,Melodrama,Drama,Black-and-white,Film adaptation		Nelson Algren										/m/07y5d3h				/m/0j591r1,/m/0gl9mf9		1999 Berlin International Film Festival								Joseph C. Wright		Darrell Silvera							
Rocky II	/m/0135_9	1979-06-15	Sylvester Stallone	Irwin Winkler,Robert Chartoff	Sylvester Stallone	Bill Butler		Bill Conti	English Language	PG (USA)	/m/0h17m_z	United States of America	/m/0k2n3v,/m/0cs8f08,/m/0k2n3p,/m/0k2n36,/m/02vbpqj,/m/0gc7q78,/m/0cg4cc3,/m/0cg67g6,/m/0k2n3c,/m/0gcy3q7,/m/0k2n3j,/m/0cg3ppd	/m/03l53f7,/m/05nn6fw,/m/0k2n42			Rocky II	Philadelphia Museum of Art,Philadelphia	Boxing,Sports,Drama,New Hollywood	Rocky		Rocky III	Rocky	Boxing							/m/07y5d1g			The story continues...	/m/0jsp3fy,/m/0j58qnw,/m/0j57w63																			
Fargo	/m/011yhm	1996-03-08	Ethan Coen,Joel Coen	Joel Coen,Ethan Coen	Joel Coen,Ethan Coen	Roger Deakins	Roderick Jaynes,Ethan Coen,Joel Coen	Carter Burwell	English Language	R (USA)	/m/0h17723	United Kingdom,United States of America	/m/0gcc791,/m/0jy2wk,/m/0jy2wq,/m/0jy2ww,/m/0jy2wd,/m/0h4yjyg,/m/03jspc9,/m/0gcl46x,/m/0gckz93,/m/0jy2x0	/m/0jy2x8,/m/075qsdn				Stillwater	Neo-noir,Black comedy,Thriller,Indie,Crime Fiction,Drama,Comedy									Mary Zophres			/m/0hzvpqc,/m/0j2f6dc,/m/0bm_6b9		Gramercy Pictures,Working Title Films,PolyGram Filmed Entertainment	Small town. Big crime. Dead cold.,An ordinary place, an extraordinary thriller,A homespun murder story.,A Lot Can Happen In The Middle Of Nowhere.,a homespun murder story	/m/0jsmxl_,/m/0j593sz		1997 Karlovy Vary International Film Festival,1996 Cannes Film Festival						Tim Bevan,Eric Fellner	John S. Lyons	Rick Heinrichs	Thomas P. Wilkins	Lauri Gaffin							
The Gospel According to St. Matthew	/m/012j85	1964	Pier Paolo Pasolini	Alfredo Bini	Pier Paolo Pasolini	Tonino Delli Colli		Luis Bacalov,Carlo Rustichelli	Italian Language			Italy,France	/m/075pny7,/m/075pnxq,/m/075pnxx,/m/075pnxc	/m/0csfttw,/m/03l4m86					World cinema,Christian film,Biographical film,Hagiography,Historical drama,Art film,Drama,Costume drama									Danilo Donati							/m/0j58n2x,/m/0glbm04,/m/0j56vp0,/m/0j58w9k										Luigi Scaccianoce									
Mucha Lucha: The Return of El Malefico	/m/04j1_gr	2004	Ron Hughart										/m/04j1_gt,/m/04j1_gz						Animation																																			
Kyouki No Sakura	/m/04j1_l2	2004	Kenji Sonoda						Japanese Language			Japan	/m/04j1_l9,/m/04j1_l4,/m/0cg2370	/m/0cfzvr7					World cinema,Drama,Action/Adventure,Japanese Movies																																			
Bikini Bandits: Briefs, Shorts & Panties	/m/04j1_yf	2004	Steve Grasse										/m/0gc8b1r,/m/0gc87z1,/m/0gcjmll,/m/0gchmnh,/m/0gc73zd,/m/04j1_yh,/m/0gck5k1,/m/0gck9n1	/m/0cg29kn					Action/Adventure,Comedy,Cult,Action						/m/0jmywvy																													
Sette Scialli Di Seta Gialla	/m/04j1fsq	1972-08-12	Sergio Pastore						Italian Language			Italy	/m/0gc074t,/m/0gcpnf5,/m/0gb_hss,/m/04j1fss,/m/0gclwf9,/m/0gc6drk,/m/0gdknr3,/m/0gcj12d	/m/0cfzt8t,/m/0kvtn0q					Giallo,World cinema,Thriller,Mystery,Horror																																			
Care Bears: Season of Caring	/m/04j1gcg	1988											/m/04j1gcj																																									
The Purple Vigilantes	/m/04j1gtz	1938	George Sherman	Sol C. Siegel									/m/0cs9rf4,/m/0gchr72,/m/04j1gv1,/m/0gcg3jm,/m/0gcdtgl,/m/0cf_77f,/m/0gch8sf,/m/0cgdr64,/m/0cf_r9t,/m/0cg0t06,/m/04j1gv6	/m/0h424l8,/m/0cg0w1d					Action/Adventure,Adventure,Western,B-Western	The Three Mesquiteers											/m/0hvmlvk																							
Cuando Todo Este En Orden	/m/04j1lls	2002	Cesar Martinez Herrada						Spanish Language			Spain	/m/0gbzcps,/m/04j1llv,/m/0cs6p2l,/m/0gcjwsv,/m/0cgnrmt,/m/0gcgh3b,/m/0gc5h38	/m/0cg6zj4					Family Drama,Drama,World cinema																																			
The American	/m/04j1nlh	2001											/m/04j1nlr,/m/04j1nll						Comedy,Melodrama																																			
Tenacious D: Time Fixers	/m/03npky5						David Rennie		English Language			United States of America	/m/0k00hb8,/m/0k00m97,/m/0k00hsw,/m/0k00hm8,/m/0k00n25						Short Film			Tenacious D in The Pick of Destiny																																
Frozen Impact	/m/04j1vyp	2003	Neil Kinsella										/m/0h4zl67,/m/0cr_6rq,/m/0cg97m4,/m/04j1vyr,/m/0cfz_7v,/m/0gdktqn,/m/04j1vyx,/m/0gc1w0r,/m/0gcn5zc,/m/0gcmvgv	/m/0cg30mb					Action/Adventure,Adventure,Thriller,Action,Disaster,Television movie																																			
The Elm-Chanted Forest	/m/04jfcsf	1988	Doro Vlado Hreljanovic,Milan Blažeković	Doro Vlado Hreljanovic	Fred P. Sharkey	Ernest Gregl	Zlata Reic	Zivan Cvitkovic,Arsen Dedić,Dennis Leogrande	Croatian language			United States of America,Yugoslavia,Croatia	/m/0lzlp40,/m/0lzlp36,/m/0lzlp8c,/m/0lzlp5b,/m/0lzlp4h,/m/0lzlp5t,/m/0lzlp3q,/m/0lzlp9d,/m/0lzlp6y,/m/0lzlp7t,/m/0lzlp63,/m/0lzlp78,/m/0lzlp6n,/m/0lzlp8x,/m/0lzlp50	/m/04lrg9r					Fantasy,Family Film,Musical,Animation		Suncana Skrinjaric	The Magician's Hat													/m/0lzl4th,/m/0lzl4tq								Vlado Teresak,Doro Vlado Hreljanovic											
14 Kilometros	/m/04nrn47	2007	Gerardo Olivares	Wanda Visión,José Maria Morales,Óscar Portillo,Miguel Morales	Gerardo Olivares	Alberto Moro	Raquel Torres	Santi Vega	Spanish Language,Arabic Language			Spain	/m/04nrn6f,/m/04nrn62,/m/04nrn6s	/m/0ghx1qx					Drama								35 mm film										2008 Guadalajara International Film Festival,2008 Karlovy Vary International Film Festival																	
Conozca la cabeza de Juan Pérez	/m/04nrwc2	2008	Emilio Portes	Rodrigo Herranz Fanjul	Emilio Portes							Mexico	/m/04nrwkw,/m/04nrwhj,/m/04nrwj0,/m/04nrwhp,/m/04nrwk6,/m/04nrwkj,/m/04nrwl6,/m/04nrwjc,/m/04nrwjw,/m/04nrwjq,/m/04nrwkc						Comedy																		2008 Guadalajara International Film Festival,2008 Expresión en Corto International Film Festival																	
Breathful	/m/0465dpk	2007	Daryush Shokof	Taies Farzan,Daryush Shokof	Daryush Shokof	Daryoush Zandi	Daryoush Zandi,Daryush Shokof,Tom Dokoupil	Tom Dokoupil	English Language			United States of America,Germany	/m/0n6522h,/m/0n6523r,/m/0n65219,/m/0n6524c,/m/0n6526l,/m/0n65223,/m/0n651_p,/m/0n65207,/m/0n6524_,/m/0n65292,/m/0n6528n,/m/0n65233,/m/0n65276,/m/0n65288,/m/0n6520y	/m/0n651zn					Comedy		Daryush Shokof							Taies Farzan	/m/0n652wt,/m/0n652rq,/m/0n652sj,/m/0n652r9						/m/0n651_5,/m/0n651_d								Vadim Glowna,Taies Farzan,Raymond Tarabay,Mario von Jascheroff		Daryush Shokof,Claudia Guilino	Claudia Guilino,Daryush Shokof,Claudia Guillino	Claudia Guilino							
Alley to Bali	/m/047fx2m		Don Patterson	Walter Lantz				Clarence Wheeler	English Language				/m/052dmqd,/m/09j17zt						Animation			Under the Counter Spy	Socko in Morocco																															
Queen of the Night	/m/04gr269	2001	Branko Schmidt	Vesna Mort	Josip Cvenić	Silvije Jesenković	Vesna Lažeta	Ante Mažuran	Serbian language,Croatian language			Croatia	/m/0gsytj6,/m/0gsytj0,/m/0gsytjd	/m/0gsyth2					Sports,Drama								35 mm film										2002 Karlovy Vary International Film Festival								Dusan Jericevic									
The Cream of Irish Comedy	/m/04j1yhz	2002											/m/0gcj1xz,/m/0gc7p80,/m/0gbyqd0,/m/0gc0y04,/m/04j1yj0,/m/0gc0vgf,/m/0gcf59s,/m/0gchzzx,/m/0gcdsxj,/m/0csfv36	/m/0cg1xvq					World cinema,Concert film,Comedy,Stand-up comedy																																			
Raging Sharks	/m/04j1ynv	2005-02-01	Danny Lerner						English Language			Bulgaria,United States of America	/m/0cg709x,/m/0cg1rqy,/m/0cw01zh,/m/04j1ynx	/m/0b_hb72					Horror,Natural horror films,Sci-Fi Horror,Thriller,Science Fiction,Action																										Carlos Silva Da Silva									
My Name Is Juani	/m/03gs74l	2006	Bigas Luna	Bigas Luna,Luis de Val	Carmen Chaves,Bigas Luna	Albert Pascual	Jaume Martí		Spanish Language,English Language			Spain	/m/0gj4q6p,/m/0gj4q7h,/m/0gj4q73,/m/0cgj_3d,/m/0gj4q7b,/m/0gj4q6x	/m/040mj3l,/m/0gj4q83			Yo soy la Juani		Comedy,Drama								35 mm film										2007 Karlovy Vary International Film Festival								Chu Uroz									
Kanyini	/m/04gqg_y	2006-08-31	Michelle Hogan						English Language			Australia	/m/0gb5vz2	/m/0gb5vzw					Documentary																																			
The Soft Kill	/m/04j20sg	1995	Eli Cohen							R (USA)		United States of America	/m/04j20sj,/m/0cgbgq5,/m/04j20sp,/m/0crv1zm	/m/0cg3p5m					Mystery,Psychological thriller,Indie,Thriller																/m/0gl7gvy																			
The Boys of Sunset Ridge	/m/04j24cz	2001	Doug McKeon							R (USA)			/m/0csbvp6,/m/04j24d5,/m/04j24d0,/m/0cf_z5h,/m/0gbxx5h,/m/0cs2brm,/m/0gc6fb2,/m/0h33ktk,/m/0cf_v_y	/m/0cfzkmy					Ensemble Film,Sports,Drama,Buddy film,Comedy-drama																																			
Morgan Stewart's Coming Home	/m/042p0m	1987	Paul Aaron,Alan Smithee,Terry Winsor,Terry Winsor	Stephen J. Friedman				Peter L. Bernstein,Peter Bernstein	English Language	PG-13 (USA)		United States of America	/m/0gb_g6z,/m/0gc9w20,/m/06643gg,/m/0gclw62,/m/06643g9,/m/03jql76,/m/06643gm,/m/0gclkq2,/m/0gck94x,/m/03kx9cf	/m/03kx9c8,/m/0cg8bky					Teen,Indie,Comedy,Romance Film,Domestic Comedy									Molly Maginnis																										
Talons of the Eagle	/m/04j27gv	1992	Michael Kennedy							R (USA)			/m/0gdm4tn,/m/0gcq843,/m/0gcd3z3,/m/0cg0r4t,/m/0gcyj8g,/m/04j27h1,/m/0gdnz8x,/m/04j27gx	/m/0glbfll,/m/0cf_hnq					Martial Arts Film,Thriller,Action/Adventure,Action Thrillers,Crime Fiction,Action																/m/0glbflf																			
Black and White in Color	/m/04j2__7	1976-09-22	Jean-Jacques Annaud	Jacques Perrin,Arthur Cohn	Jean-Jacques Annaud		Françoise Bonnot	Pierre Bachelet	French Language	PG (USA)		Switzerland,Côte d’Ivoire,France,Germany	/m/03jqv7g,/m/0gcdrb_,/m/0gbyjvc,/m/04j2__b,/m/0gcgmyn,/m/0cvcgrn,/m/0gc9b26,/m/0gdlk8f,/m/0cvccj7,/m/0h6yhvp,/m/0gcnp3w	/m/0cvcpch,/m/03lsc6h			Black and White in Color		Comedy,War film,Political satire,Black comedy,World cinema,Political cinema					World War I											/m/0gl9nm7																			
Wizard of Darkness	/m/04j2fxj	1995	Shimako Sato						Japanese Language			Japan	/m/0gcy0j7,/m/04j2fxl,/m/0gb_d78,/m/0gczqd2,/m/0gcxb_t,/m/0gcl4wm	/m/0cg3v4w					Japanese Movies,Horror,World cinema																																			
Just	/m/04p41_h	2007	David Maurice Gil	David Maurice Gil,Edward Gunawan	Edward Gunawan							United States of America	/m/04p6t6r,/m/04p6t6y						Drama,Short Film																		2008 Seattle International Film Festival																	
